{"p50_latency": 301.24425888061523, "p95_latency": 495.83711624145496, "p99_latency": 518.7103080749512, "throughput": 2.5136927593515597}