{"p50_latency": 1040.606141090393, "p95_latency": 1797.8587985038755, "p99_latency": 1883.0935645103455, "throughput": 2.51366986100545}